FD_Set,RMSE,MAE,R2_Score
FD002,17.602033220237033,12.565699577331543,0.8319585919380188
