FD_Set,RMSE,MAE,R2_Score
FD004,20.891307194826123,14.592453956604004,0.7637481689453125
