FD_Set,RMSE,MAE,R2_Score
FD003,14.129673547557525,10.412219047546387,0.8698500990867615
