FD_Set,RMSE,MAE,R2_Score
FD001,14.893165587798517,10.962453842163086,0.8618775010108948
